{
  "simulation_time": 219.080340385437,
  "number_of_episodes": 138,
  "max_dist": 1.6588870830357922,
  "dist_per_episode": [
    1.1664915277857415,
    0.17074833571477313,
    0.046061977194823384,
    0.02391956634038877,
    0.19939668084172468,
    0.17681564894302768,
    0.3054874094159987,
    0.0021920989104808088,
    0.0656031982026758,
    0.02143925791244271,
    0.1204523445846553,
    0.4867836714959952,
    0.06614188295096028,
    0.06817936730941654,
    0.22418956907168025,
    0.025105153129507018,
    0.14398293327963074,
    1.105367330839412,
    0.17473328236492705,
    0.25960700809017284,
    0.12652816054677601,
    0.016324909440251646,
    1.1366119800814913,
    0.722186379367227,
    0.18205490801637494,
    0.5366209626063454,
    0.10991368354627695,
    0.03561391862504024,
    0.09736089068799458,
    0.3236683585883435,
    0.3620407503763846,
    0.38278005047332103,
    0.9154958706385549,
    0.0,
    0.0007296346521968644,
    0.6285443380784954,
    0.30503319798966005,
    0.14699289525561368,
    0.6130843548244349,
    0.5455405760807451,
    0.12018968904626774,
    0.13106929520200084,
    0.27999538848166594,
    0.20157550711692182,
    0.07230898876915831,
    0.16031624831843772,
    0.19426138774719845,
    1.253164852384195,
    0.30985967340577475,
    0.5983948469072919,
    0.33775639974323096,
    0.18107817749193486,
    0.0013264490041825637,
    1.428377038088438,
    0.0,
    0.3985709188405423,
    0.3544554037297411,
    0.1092952012257723,
    1.2652472264936057,
    0.010117863532522052,
    0.0026811317635008435,
    0.2608304062435019,
    0.0,
    0.020012791687892103,
    0.0035542723761085426,
    0.06311903362811393,
    0.06237868111697878,
    0.023015541186096014,
    0.44978904170595796,
    0.1935097056800845,
    0.26627613354308777,
    0.4423827978633079,
    1.0298041467084709,
    0.19696351392796885,
    0.31318908876964086,
    0.3419938204351001,
    0.5003273257741568,
    0.1250815508716988,
    0.29125079818331756,
    0.006280515721410324,
    0.1157453396048885,
    1.178020533826856,
    1.0270672188837051,
    1.1289065909401648,
    0.17183399403634383,
    0.041542582150235034,
    0.11609546614045599,
    0.007208335397355654,
    0.0005205328376035823,
    0.32747682502578246,
    0.3148662082175895,
    0.4390641350157995,
    0.7516774615828791,
    0.09233534100042391,
    0.14152723698054331,
    0.2804390641292099,
    0.6582911789152422,
    0.250487894742804,
    0.801502021948105,
    0.647423498381026,
    0.6670227610347718,
    0.014692028735411214,
    0.0720621685294617,
    0.0,
    0.9227244783585672,
    0.11769589511160575,
    0.8537927907104649,
    0.0,
    0.0011043349631148659,
    0.35800405281708036,
    0.1261632138138873,
    0.5574383058316374,
    0.6744571579133588,
    0.0994243312633563,
    0.3202269789132089,
    0.008134073985723944,
    0.49432000303968493,
    0.3020880756149319,
    0.03920053031543546,
    0.6048950988157259,
    0.29896211770865705,
    0.7289419445722689,
    0.0,
    0.26881810629004405,
    1.6588870830357922,
    0.14048992954251902,
    0.8651430554323543,
    0.10132954544348252,
    0.8861527442186622,
    0.04852916911982163,
    0.13045281037650056,
    0.42044861340261774,
    0.0,
    0.13496236390145724,
    0.26730303240044406,
    0.3989707895511208,
    0.07364639634410196,
    0.6797208253205997
  ],
  "time_per_episode": [
    2.078744649887085,
    0.7129907608032227,
    0.766289234161377,
    0.8449292182922363,
    0.9748494625091553,
    0.8803050518035889,
    0.9031522274017334,
    0.786839485168457,
    0.778839111328125,
    0.8592739105224609,
    0.8201313018798828,
    0.8170602321624756,
    2.89662504196167,
    0.8592379093170166,
    0.80155348777771,
    0.8449561595916748,
    0.8343379497528076,
    0.8276174068450928,
    0.8517212867736816,
    0.8825521469116211,
    0.8844544887542725,
    0.8998498916625977,
    1.0222103595733643,
    1.0580928325653076,
    3.564152240753174,
    1.0431807041168213,
    1.2213513851165771,
    1.0764634609222412,
    0.9399778842926025,
    1.2310361862182617,
    1.229816198348999,
    1.2115347385406494,
    1.2104251384735107,
    1.0036120414733887,
    1.0432460308074951,
    1.3195538520812988,
    4.469517230987549,
    1.720916748046875,
    1.1218295097351074,
    1.0572354793548584,
    1.0189616680145264,
    1.1086499691009521,
    1.4670162200927734,
    1.1130633354187012,
    0.9712984561920166,
    1.0283842086791992,
    1.069089412689209,
    1.0820772647857666,
    3.043022632598877,
    1.0800044536590576,
    1.1173532009124756,
    0.9960401058197021,
    5.380715608596802,
    1.1444685459136963,
    1.1312074661254883,
    1.079707384109497,
    1.1570429801940918,
    1.1497094631195068,
    1.1549127101898193,
    1.023148536682129,
    3.0982184410095215,
    0.910804271697998,
    1.2177619934082031,
    1.1941094398498535,
    1.1937108039855957,
    1.3181681632995605,
    1.3660142421722412,
    1.402216911315918,
    1.3847622871398926,
    1.3376195430755615,
    1.4434421062469482,
    1.2467126846313477,
    3.355412721633911,
    1.4302608966827393,
    1.4281842708587646,
    1.4293091297149658,
    1.412851095199585,
    1.440643310546875,
    1.5113322734832764,
    1.519737958908081,
    1.5470964908599854,
    1.492318868637085,
    1.498577356338501,
    1.6038875579833984,
    3.56978440284729,
    1.5190305709838867,
    1.720665693283081,
    1.5688669681549072,
    1.6627109050750732,
    1.5930049419403076,
    1.5255849361419678,
    1.6216771602630615,
    1.616516351699829,
    1.655691385269165,
    1.632812738418579,
    1.62172532081604,
    3.71982479095459,
    1.673614501953125,
    1.6560876369476318,
    1.6951978206634521,
    1.7169780731201172,
    1.7724168300628662,
    1.6950392723083496,
    1.090090036392212,
    1.782630205154419,
    1.6489624977111816,
    1.791644811630249,
    1.6902575492858887,
    3.7701873779296875,
    1.7835474014282227,
    1.823317050933838,
    1.7422034740447998,
    1.8514177799224854,
    1.869011402130127,
    1.8571343421936035,
    1.885361671447754,
    1.889815092086792,
    1.7696552276611328,
    1.7967865467071533,
    1.9619381427764893,
    3.9170854091644287,
    1.907261848449707,
    1.358004093170166,
    2.0773587226867676,
    1.911405086517334,
    2.097993850708008,
    1.8128137588500977,
    2.025540351867676,
    2.07863187789917,
    2.133138656616211,
    1.9531912803649902,
    1.982954740524292,
    4.064510345458984,
    1.7224164009094238,
    1.6362473964691162,
    1.709937572479248,
    1.6678102016448975,
    1.6459317207336426
  ],